{"otherData": {},"traceEvents":[{"cat":"function","dur":15,"name":"__cdecl MGE::OpenGLVertexBuffer::OpenGLVertexBuffer(unsigned int)","ph":"X","pid":0,"tid":2633482816,"ts":173614642593},{"cat":"function","dur":41,"name":"__cdecl MGE::OpenGLVertexBuffer::OpenGLVertexBuffer(unsigned int)","ph":"X","pid":0,"tid":2633482816,"ts":173614691745},{"cat":"function","dur":66,"name":"__cdecl MGE::OpenGLTexture2D::OpenGLTexture2D(unsigned int,unsigned int)","ph":"X","pid":0,"tid":2633482816,"ts":173614752461},{"cat":"function","dur":12,"name":"void __cdecl MGE::OpenGLTexture2D::SetData(void *,unsigned int)","ph":"X","pid":0,"tid":2633482816,"ts":173614752631}]}